accuracy,loss,precision,recall,val_accuracy,val_loss,val_precision,val_recall
0.7978223562240601,0.4579817056655884,0.811130702495575,0.942363977432251,0.894197940826416,0.22950999438762665,0.9355608820915222,0.9180327653884888
0.8945345878601074,0.2575022876262665,0.9210829734802246,0.9356348514556885,0.914675772190094,0.20168285071849823,0.9353348612785339,0.9484777450561523
0.9120410084724426,0.22110100090503693,0.9379370808601379,0.941778838634491,0.9163822531700134,0.22582735121250153,0.9055793881416321,0.9882903695106506
0.9180187582969666,0.2027856558561325,0.9407321214675903,0.9473376274108887,0.8464163541793823,0.34258460998535156,0.9855907559394836,0.800936758518219
0.9239965677261353,0.18638785183429718,0.9495008587837219,0.9461673498153687,0.9129692912101746,0.25375252962112427,0.894957959651947,0.9976580739021301
